transaction_id,member_id,transaction_date,transaction_type,amount,reference_number,matched_ledger_entry,backfill_safe
9,3,2026-05-29 20:54:02,transfer_out,20000.00,STR-3-4-1780077242,,N
10,4,2026-05-29 20:54:02,transfer_in,20000.00,STR-3-4-1780077242,,N
7,3,2026-05-29 20:51:15,transfer_out,30000.00,STR-3-4-1780077070,,N
8,4,2026-05-29 20:51:15,transfer_in,30000.00,STR-3-4-1780077070,,N
5,4,2026-05-29 20:26:03,purchase,20000.00,SHR-4-1780075563,,Y
4,2,2026-05-29 20:25:34,purchase,20000.00,SHR-2-1780075534,,Y
3,3,2026-05-29 20:24:55,purchase,20000.00,SHR-3-1780075495,,Y
2,3,2026-05-29 20:24:20,purchase,20000.00,SHR-3-1780075459,,Y
1,3,2026-05-29 20:19:20,purchase,20000.00,SHR-3-1780075157,,Y
